{"x": [0, 1, 1, 0, 0, 0, 1, 0, 1, 1, 1, 1], "y": [0.0, 50.0, 30.0, 0.0, 0.0, 0.0, 19.655172, 0.0, 33.896552, 25.0, 42.0, 24.517241], "Z": 20084.103448, "r": [8.517241, 5.931034, 0.0, 0.0, 0.0]}