{"x": [0, 1, 0, 1, 1, 1], "y": [0.0, 20.975609, 0.0, 19.756097, 14.390244, 17.560975], "Z": 5757.816667, "r": [2e-06, 2e-06, 2e-06, 2e-06]}