{"x": [0, 1, 1, 0, 0, 1, 1, 0, 1, 1, 0, 0], "y": [0.0, 50.0, 30.0, 0.0, 0.0, 43.695652, 20.869565, 0.0, 46.521739, 25.0, 0.0, 0.0], "Z": 19942.391304, "r": [31.086957, 55.217391, 0.0, 0.0, 0.0]}