{"x": [0, 1, 1, 0, 0, 1, 1, 0, 1, 1, 1, 0], "y": [0.0, 43.411534, 29.999999, 0.0, 0.0, 30.149072, 20.711144, 0.0, 32.76393, 24.999999, 34.156892, 0.0], "Z": 16069.392006, "r": [78.526396, 6.933044, 2e-06, 1e-06, 0.0]}